{
  "fold": [
    1,
    2,
    3,
    4,
    5
  ],
  "train_accuracy": [
    0.8,
    0.8285714285714286,
    0.8,
    0.8,
    0.8611111111111112
  ],
  "accuracy": [
    0.7777777777777778,
    0.8888888888888888,
    0.7777777777777778,
    0.7777777777777778,
    0.875
  ],
  "f1_macro": [
    0.775,
    0.8831168831168831,
    0.775,
    0.775,
    0.873015873015873
  ],
  "roc_auc": [
    0.8,
    0.85,
    0.9,
    0.7,
    1.0
  ],
  "sensitivity": [
    0.8,
    1.0,
    0.75,
    1.0,
    1.0
  ],
  "specificity": [
    0.75,
    0.75,
    0.8,
    0.6,
    0.75
  ],
  "mcc": [
    0.55,
    0.7905694150420948,
    0.55,
    0.6324555320336759,
    0.7745966692414834
  ],
  "kappa": [
    0.55,
    0.7692307692307692,
    0.55,
    0.5714285714285714,
    0.75
  ]
}