{
  "fs_history": [
    0.35433544303797465,
    0.30677215189873425,
    0.2992088607594937,
    0.2992088607594937,
    0.2830063291139241,
    0.27917721518987343,
    0.27917721518987343,
    0.2741455696202532,
    0.2528481012658228,
    0.2366772151898734,
    0.21161392405063287,
    0.21161392405063287,
    0.21161392405063287,
    0.21161392405063287,
    0.21161392405063287,
    0.21161392405063287,
    0.21034810126582273,
    0.21034810126582273,
    0.20655063291139236,
    0.20655063291139236,
    0.20528481012658223,
    0.20528481012658223,
    0.20528481012658223,
    0.20528481012658223,
    0.20528481012658223,
    0.20528481012658223,
    0.20528481012658223,
    0.20528481012658223,
    0.20528481012658223,
    0.20528481012658223,
    0.20528481012658223,
    0.20528481012658223,
    0.202753164556962,
    0.202753164556962,
    0.202753164556962,
    0.202753164556962,
    0.20022151898734175,
    0.17895569620253177,
    0.17895569620253177,
    0.17895569620253177,
    0.17895569620253177,
    0.17895569620253177,
    0.17895569620253177,
    0.17895569620253177,
    0.17895569620253177,
    0.17895569620253177,
    0.17895569620253177,
    0.17895569620253177,
    0.17895569620253177,
    0.17895569620253177,
    0.17895569620253177,
    0.17895569620253177,
    0.17895569620253177,
    0.17895569620253177,
    0.17895569620253177,
    0.17895569620253177,
    0.17895569620253177,
    0.17895569620253177,
    0.17895569620253177,
    0.17895569620253177,
    0.17895569620253177,
    0.17895569620253177,
    0.17895569620253177,
    0.17895569620253177,
    0.17895569620253177,
    0.17895569620253177,
    0.17895569620253177,
    0.17895569620253177,
    0.17895569620253177,
    0.17895569620253177,
    0.17895569620253177,
    0.17895569620253177,
    0.17895569620253177,
    0.17895569620253177,
    0.17895569620253177,
    0.17895569620253177,
    0.17895569620253177,
    0.17895569620253177,
    0.17895569620253177,
    0.17895569620253177
  ],
  "hp_history": [
    0.4305555555555556,
    0.3833333333333333,
    0.22499999999999998,
    0.22499999999999998,
    0.22499999999999998,
    0.22499999999999998,
    0.20277777777777772,
    0.20277777777777772,
    0.20277777777777772,
    0.20277777777777772,
    0.20277777777777772,
    0.20277777777777772,
    0.20277777777777772,
    0.20277777777777772,
    0.20277777777777772,
    0.20277777777777772,
    0.20277777777777772,
    0.20277777777777772,
    0.20277777777777772,
    0.20277777777777772,
    0.20277777777777772,
    0.20277777777777772,
    0.20277777777777772,
    0.20277777777777772,
    0.20277777777777772,
    0.20277777777777772,
    0.20277777777777772,
    0.20277777777777772,
    0.20277777777777772,
    0.20277777777777772,
    0.20277777777777772,
    0.20277777777777772,
    0.20277777777777772,
    0.20277777777777772,
    0.20277777777777772,
    0.20277777777777772,
    0.20277777777777772,
    0.20277777777777772,
    0.20277777777777772,
    0.20277777777777772,
    0.20277777777777772,
    0.20277777777777772,
    0.20277777777777772,
    0.20277777777777772,
    0.20277777777777772,
    0.20277777777777772,
    0.20277777777777772,
    0.20277777777777772,
    0.1805555555555557,
    0.1805555555555557,
    0.1805555555555557,
    0.1805555555555557,
    0.1805555555555557,
    0.1805555555555557,
    0.1805555555555557,
    0.1805555555555557,
    0.1805555555555557,
    0.1805555555555557,
    0.1805555555555557,
    0.1805555555555557,
    0.1805555555555557,
    0.1805555555555557,
    0.1805555555555557,
    0.1805555555555557,
    0.1805555555555557,
    0.1805555555555557,
    0.1805555555555557,
    0.1805555555555557,
    0.1805555555555557,
    0.1805555555555557,
    0.1805555555555557,
    0.1805555555555557,
    0.1805555555555557,
    0.1805555555555557,
    0.1805555555555557,
    0.1805555555555557,
    0.1805555555555557,
    0.1805555555555557,
    0.1805555555555557,
    0.1805555555555557,
    0.1805555555555557,
    0.1805555555555557,
    0.1805555555555557,
    0.1805555555555557,
    0.1805555555555557,
    0.1805555555555557,
    0.1805555555555557,
    0.1805555555555557,
    0.1805555555555557,
    0.1805555555555557,
    0.1805555555555557,
    0.1805555555555557,
    0.1805555555555557,
    0.1805555555555557,
    0.1805555555555557,
    0.1805555555555557,
    0.1805555555555557,
    0.1805555555555557,
    0.1805555555555557,
    0.1805555555555557
  ],
  "fs_config": {
    "wolves": 30,
    "iterations": 80,
    "alpha": 0.9
  },
  "hp_config": {
    "wolves": 30,
    "iterations": 100
  }
}