{
  "rel_theta_frontal": {
    "mean": 0.16366695877454546,
    "std": 0.07938320650723281,
    "min": 0.0679139304,
    "max": 0.6046517975,
    "median": 0.15766339285,
    "asd_mean": 0.16819353256272726,
    "asd_std": 0.10578770525849569,
    "control_mean": 0.15914038498636363,
    "control_std": 0.04085948912836438
  },
  "rel_delta_parietal": {
    "mean": 0.24946379290113632,
    "std": 0.128173424807274,
    "min": 0.07591962934,
    "max": 0.5791384046,
    "median": 0.22944177475,
    "asd_mean": 0.25860703779772726,
    "asd_std": 0.14739322311123124,
    "control_mean": 0.24032054800454547,
    "control_std": 0.10834776332179204
  },
  "rel_theta_parietal": {
    "mean": 0.1653516194418182,
    "std": 0.08087467612949191,
    "min": 0.0543091919,
    "max": 0.5808544253,
    "median": 0.15864205544999999,
    "asd_mean": 0.16912129156045455,
    "asd_std": 0.10337540109237514,
    "control_mean": 0.16158194732318182,
    "control_std": 0.051736266123830324
  },
  "abs_theta_occipital": {
    "mean": 3.7375243827685183,
    "std": 4.400733360620486,
    "min": 0.0003304120848,
    "max": 21.02701464,
    "median": 2.3225559305,
    "asd_mean": 3.0774569089006722,
    "asd_std": 4.414433839348432,
    "control_mean": 4.397591856636364,
    "control_std": 4.388054450874976
  },
  "abs_alpha_occipital": {
    "mean": 13.741183328907283,
    "std": 17.43355748546302,
    "min": 0.0006434254506,
    "max": 77.79795789,
    "median": 8.25693749,
    "asd_mean": 12.695398018132755,
    "asd_std": 19.06360851391355,
    "control_mean": 14.786968639681819,
    "control_std": 16.019300767145264
  },
  "theta_alpha_F": {
    "mean": 0.6963596597477273,
    "std": 0.49319725882231286,
    "min": 0.1047519745,
    "max": 2.46432391,
    "median": 0.5277036438,
    "asd_mean": 0.7348515526318181,
    "asd_std": 0.6154499989430877,
    "control_mean": 0.6578677668636365,
    "control_std": 0.34086219751291985
  },
  "coh_delta_C3_C4": {
    "mean": 0.4661139095363636,
    "std": 0.20705939003583357,
    "min": 0.3507861155,
    "max": 1.0,
    "median": 0.38219572965000004,
    "asd_mean": 0.5392347553045455,
    "asd_std": 0.2749523515813703,
    "control_mean": 0.39299306376818177,
    "control_std": 0.031423943605588374
  },
  "coh_alpha_C3_C4": {
    "mean": 0.49085680949545457,
    "std": 0.19218835949360458,
    "min": 0.3765421075,
    "max": 1.0,
    "median": 0.41839839375,
    "asd_mean": 0.5705450746636364,
    "asd_std": 0.2484814262757141,
    "control_mean": 0.4111685443272728,
    "control_std": 0.0241529369616437
  },
  "coh_theta_P5_P6": {
    "mean": 0.44891889052272715,
    "std": 0.20030290057314407,
    "min": 0.3311791489,
    "max": 1.0,
    "median": 0.3692493542,
    "asd_mean": 0.5340409035363636,
    "asd_std": 0.2581682753377831,
    "control_mean": 0.36379687750909095,
    "control_std": 0.017905168804570253
  },
  "coh_delta_Fz_Pz": {
    "mean": 0.49368709890227275,
    "std": 0.20637700909610693,
    "min": 0.3513273175,
    "max": 1.0,
    "median": 0.41562277425,
    "asd_mean": 0.5819607282136364,
    "asd_std": 0.26411509210623013,
    "control_mean": 0.405413469590909,
    "control_std": 0.03358181604424156
  },
  "coh_beta_F4_P4": {
    "mean": 0.4856422687977272,
    "std": 0.2088141203601501,
    "min": 0.3532089715,
    "max": 1.0,
    "median": 0.4101126951,
    "asd_mean": 0.5743649699318182,
    "asd_std": 0.2676661478914136,
    "control_mean": 0.39691956766363634,
    "control_std": 0.03383391165947567
  },
  "sampen_central": {
    "mean": 0.7431300850772729,
    "std": 0.07507171367707181,
    "min": 0.6162305904,
    "max": 0.8976930959,
    "median": 0.72660661825,
    "asd_mean": 0.7334448368318182,
    "asd_std": 0.07545146273301978,
    "control_mean": 0.7528153333227273,
    "control_std": 0.07516933552946957
  },
  "sampen_global": {
    "mean": 0.7172537569681818,
    "std": 0.064266300783234,
    "min": 0.6113605661,
    "max": 0.8465193518,
    "median": 0.70796422815,
    "asd_mean": 0.7155141000318183,
    "asd_std": 0.06900614251735956,
    "control_mean": 0.7189934139045455,
    "control_std": 0.06073549414140133
  }
}